uvrstitev,avtor,naslov,mesec_izdaje,leto_izdaje,format
1,Scott Pape,The Barefoot Investor,Jul,2017,Paperback
2,Mark Manson,The Subtle Art of Not Giving a F*ck,Sep,2016,Hardback
4,Rupi Kaur,Milk and Honey,Sep,2017,Paperback
5,Jamie Oliver,5 Ingredients - Quick &amp; Easy Food,Sep,2017,Hardback
6,Andre Aciman,Call Me By Your Name,Sep,2017,Paperback
8,Yuval Noah Harari,Sapiens,Sep,2016,Paperback
9,R. J. Palacio,Wonder,Mar,2013,Paperback
10,Elena Favilli,Good Night Stories for Rebel Girls,Mar,2017,Hardback
11,Margaret Atwood,The Handmaid&#039;s Tale,Jun,2011,Paperback
12,Paul Kalanithi,When Breath Becomes Air,Jan,2017,Paperback
13,Dr. Patrizia Collard,The Little Book of Mindfulness,May,2014,Paperback
14,Rupi Kaur,The Sun and Her Flowers,Oct,2017,Paperback
15,Carol McCloud,Have You Filled A Bucket Today?,Oct,2015,Paperback
16,Hiro Arikawa,The Travelling Cat Chronicles,Nov,2017,Paperback
17,Annette Collinge,Embroidered Treasures: Flowers,Mar,2018,Hardback
18,Yuval Noah Harari,Homo Deus,Jun,2017,Paperback
19,Mark Manson,The Subtle Art of Not Giving A F*ck,Oct,2016,Paperback
20,Angie Thomas,The Hate U Give,Jun,2017,Paperback
21,Daniel Kahneman,"Thinking, Fast and Slow",Oct,2012,Paperback
22,Kate Pankhurst,Fantastically Great Women Who Changed The World,Sep,2016,Paperback
23,Ernest Cline,Ready Player One,Apr,2012,Paperback
24,Adam Kay,This is Going to Hurt,Sep,2017,Hardback
25,Gareth Moore,Brain Games For Clever Kids,Oct,2014,Paperback
26,Meik Wiking,The Little Book of Hygge,Dec,2016,Hardback
28,Ray Dalio,Principles,Sep,2017,Hardback
29,Eckhart Tolle,The Power of Now,Feb,2001,Paperback
31,Naomi Alderman,The Power,Oct,2017,Paperback
32,Bessel A. van der Kolk,The Body Keeps the Score,Sep,2015,Paperback
33,George Orwell,Nineteen Eighty-four,Oct,2008,Paperback
34,R. J. Palacio,Auggie &amp; Me: Three Wonder Stories,Aug,2015,Paperback
35,Matthew Walker,Why We Sleep,Jan,2018,Paperback
36,Antoine de Saint-Exupery,The Little Prince,Jan,1998,Paperback
37,George Orwell,Animal Farm,Oct,2008,Paperback
38,Simon Sinek,Start With Why,Oct,2011,Paperback
39,Dawn Huebner,What to Do When You Worry Too Much,Sep,2005,Paperback
40,Ashlee Vance,Elon Musk,Mar,2016,Paperback
41,Michael Mosley,The Clever Guts Diet,May,2017,Paperback
42,Emily Martin,The Wonderful Things You Will Be,Sep,2015,Hardback
43,George Saunders,Lincoln in the Bardo,Nov,2017,Paperback
45,Angela Duckworth,Grit,May,2017,Paperback
46,Brene Brown,Braving the Wilderness,Sep,2017,Paperback
47,Viktor E. Frankl,Man&#039;s Search For Meaning,Feb,2008,Paperback
49,Roald Dahl,Roald Dahl&#039;s Marvellous Joke Book,Aug,2012,Paperback
50,Viktor E. Frankl,Man&#039;s Search for Meaning,Jul,2017,Paperback
51,Daniel J Siegel,The Whole-Brain Child,Sep,2012,Paperback
52,Gail Honeyman,Eleanor Oliphant is Completely Fine,May,2017,Hardback
53,Amor Towles,A Gentleman in Moscow,Nov,2017,Paperback
54,Giles Andreae,Giraffes Can&#039;t Dance,May,2014,Paperback
55,Sarah Knight,The Life-Changing Magic of Not Giving a F**k,Dec,2015,Hardback
56,Fredrik Backman,A Man Called Ove,Mar,2016,Paperback
57,Min Jin Lee,Pachinko,Aug,2017,Paperback
59,Anthony William,Medical Medium,Nov,2015,Paperback
60,Michael Mosley,The Fast Diet (The Original 5:2 Diet: Revised and Updated),Dec,2014,Paperback
61,Maya Angelou,I Know Why the Caged Bird Sings,Apr,2009,Paperback
62,Liz Braswell,Disney A Whole New World,Apr,2016,Paperback
63,Robert T. Kiyosaki,Rich Dad Poor Dad,Apr,2017,Paperback
64,J. K. Rowling,Harry Potter and the Philosopher&#039;s Stone,Oct,2015,Hardback
66,Hanya Yanagihara,A Little Life,Mar,2016,Paperback
67,Wizards RPG Team,Xanathar&#039;s Guide to Everything,Nov,2017,Hardback
68,Anthony William,Medical Medium Thyroid Healing,Nov,2017,Hardback
69,Andy Griffiths,The 13-Storey Treehouse,Mar,2015,Paperback
70,Wizards of the Coast,Dungeons &amp; Dragons Player&#039;s Handbook (Dungeons &amp; Dragons Core Rulebooks),Aug,2014,Hardback
71,Drew Daywalt,The Day the Crayons Quit,Jul,2016,Paperback
72,Don Miguel Ruiz,The Four Agreements,Nov,1997,Paperback
73,Brian K. Vaughan,Saga Volume 8,Jan,2018,Paperback
74,Cait Flanders,The Year of Less,Jan,2018,Hardback
75,Nigella Lawson,At My Table,Sep,2017,Hardback
76,Mark Haddon,The Curious Incident of the Dog in the Night-time,Sep,2014,Paperback
77,Caroline Roberts,The Cosy Teashop in the Castle,Feb,2016,Paperback
78,Hector Garcia,Ikigai,Sep,2017,Hardback
79,Jen Sincero,You Are a Badass,Oct,2016,Paperback
80,Nicholas Sparks,Two by Two,Jun,2017,Paperback
81,Harper Lee,To Kill A Mockingbird,Jun,2015,Paperback
82,Andre Aciman,Call Me by Your Name,May,2008,Paperback
83,Brene Brown,Daring Greatly,Dec,2015,Paperback
84,R. J. Palacio,We&#039;re All Wonders,Mar,2017,Paperback
85,Anthony Doerr,All the Light We Cannot See,Jul,2015,Paperback
86,Carol Dweck,Mindset - Updated Edition,Apr,2017,Paperback
87,Holly Black,The Cruel Prince (The Folk of the Air),Jan,2018,Hardback
88,Brene Brown,The Gifts of Imperfection,Nov,2010,Paperback
89,David Walliams,Gangsta Granny,Feb,2013,Paperback
90,Sarah Knight,Get Your Sh*t Together,Dec,2016,Hardback
91,Anthony William,Medical Medium Life-Changing Foods,Dec,2016,Hardback
92,Oliver Jeffers,Here We Are,Nov,2017,Hardback
93,Stephen Hawking,A Brief History Of Time,Feb,2015,Paperback
94,Timothy Ferriss,The 4-Hour Work Week,Jun,2013,Paperback
95,Benjamin Graham,The Intelligent Investor,Oct,2003,Paperback
96,Jon Klassen,I Want My Hat Back,Oct,2012,Paperback
97,Sara Lewis,Hamlyn All Colour Cookery: 200 Family Slow Cooker Recipes,Dec,2016,Paperback
98,Neil Degrasse Tyson,Astrophysics for People in a Hurry,Jun,2017,Hardback
99,George Orwell,Politics and the English Language,Apr,2013,Paperback
100,Liane Moriarty,Big Little Lies,May,2015,Paperback
101,Jojo Moyes,Still Me,Jan,2018,Paperback
102,Paulo Coelho,The Alchemist,Apr,2014,Paperback
103,Julia Donaldson,The Snail and the Whale,Jun,2006,Paperback
104,Tim Marshall,Prisoners of Geography,Jun,2016,Paperback
105,Stephen R. Covey,7 Habits Of Highly Effective People,Sep,2012,Paperback
106,Rob Lloyd Jones,Look Inside Things That Go,Nov,2013,Hardback
107,Liane Moriarty,The Husband&#039;s Secret,Nov,2017,Paperback
108,Mark Pett,The Girl Who Never Made Mistakes,Nov,2011,Hardback
109,Dav Pilkey,The Adventures of Dog Man 4: Dog Man and Cat Kid,Dec,2017,Hardback
110,John Wyndham,The Midwich Cuckoos,Aug,2008,Paperback
111,David Lagercrantz,The Girl in the Spider&#039;s Web,Apr,2016,Paperback
112,Phil Knight,Shoe Dog,Apr,2016,Paperback
113,Yeonmi Park,In Order To Live,Jul,2016,Paperback
114,Aldous Huxley,Brave New World,Sep,2004,Paperback
115,Agatha Christie,Murder on the Orient Express,Jan,2015,Paperback
116,J. K. Rowling,Harry Potter and the Prisoner of Azkaban,Nov,2017,Hardback
117,Jeff Kinney,Diary of a Wimpy Kid: The Getaway (book 12),Nov,2017,Hardback
118,Susan Cain,Quiet,Mar,2013,Paperback
119,Rhonda Byrne,The Secret,Dec,2006,Hardback
120,Andre Aciman,Call Me By Your Name,Apr,2009,Paperback
121,Sarah Knight,You Do You,Nov,2017,Hardback
122,Gabrielle Bernstein,The Universe Has Your Back,Oct,2016,Paperback
123,Dan Brown,Origin,Sep,2017,Hardback
124,Michael A. Singer,The Untethered Soul,Nov,2007,Paperback
125,Andy Griffiths,The 91-Storey Treehouse,Aug,2017,Paperback
126,Liz Braswell,Disney Once Upon a Dream,Aug,2016,Paperback
127,Jo Witek,In My Heart: A Book of Feelings,Oct,2014,Hardback
128,Jeanne Willis,Wild Child,Jan,2015,Paperback
129,Katherine Arden,The Bear and The Nightingale,Oct,2017,Paperback
130,Trevor Noah,Born A Crime,Sep,2017,Paperback
131,Atul Gawande,Being Mortal,Jul,2015,Paperback
132,Allie Esiri,A Poem for Every Night of the Year,Sep,2016,Hardback
134,Meera Sodha,Fresh India,Jul,2016,Hardback
135,Lonely Planet,Lonely Planet Sri Lanka,Jan,2018,Paperback
136,Charles Duhigg,The Power of Habit,Dec,2013,Paperback
138,Gail Honeyman,Eleanor Oliphant is Completely Fine,Apr,2018,Paperback
139,Michael Morpurgo,War Horse,Jul,2014,Paperback
140,Julia Donaldson,Room on the Broom,Aug,2003,Paperback
141,Karen McManus,One Of Us Is Lying,Jun,2017,Paperback
142,Sun Tzu,The Art of War,Oct,2011,Paperback
143,Ruby Tandoh,Eat Up,Feb,2018,Hardback
144,Ashley Spires,The Most Magnificent Thing,Oct,2017,Hardback
145,Reni Eddo-Lodge,Why I&#039;m No Longer Talking to White People About Race,Nov,2017,Hardback
147,Marie Kondo,The Life-Changing Magic of Tidying,May,2015,Paperback
148,Chimamanda Ngozi Adichie,We Should All Be Feminists,Mar,2015,Paperback
149,Michael Mosley,The 8-Week Blood Sugar Diet,Jan,2016,Paperback
151,Michael Greger,How Not To Die,Dec,2017,Paperback
152,Lang Leav,Sea of Strangers,Feb,2018,Paperback
153,Blake Crouch,Dark Matter,Aug,2017,Paperback
154,Ryan Holiday,The Daily Stoic,Oct,2016,Paperback
155,Courtney Peppernell,Pillow Thoughts,Oct,2017,Paperback
156,Oprah Winfrey,What I Know for Sure,Nov,2015,Hardback
158,Jess Halloran,Unbreakable,Feb,2018,Paperback
159,B. J. Novak,The Book With No Pictures,May,2016,Paperback
160,Amanda Lovelace,the princess saves herself in this one,Mar,2017,Paperback
161,Andy Griffiths,The 26-Storey Treehouse,May,2015,Paperback
162,Andy Griffiths,The 52-Storey Treehouse,Oct,2016,Paperback
163,Benjamin Alire Saenz,Aristotle and Dante Discover the Secrets of the Universe,Mar,2015,Paperback
164,British Library,Harry Potter - A History of Magic,Oct,2017,Hardback
165,Colson Whitehead,The Underground Railroad,Jun,2017,Paperback
166,Marcus Pfister,The Rainbow Fish,Jul,2012,Paperback
167,Becky Albertalli,Simon vs. the Homo Sapiens Agenda,Apr,2015,Paperback
168,Richard H. Thaler,Nudge,Mar,2009,Paperback
169,Peter H. Reynolds,The Dot,Oct,2004,Paperback
170,Gary Chapman,Five Love Languages Revised Edition,Feb,2015,Paperback
171,Arthur Edward Waite,The Original Rider Waite Tarot Deck,Jun,1999,Paperback
172,Jeffrey E. Young,Reinventing Your Life,Jul,2011,Paperback
174,Michael Dante DiMartino,"Legend Of Korra, The: Turf Wars Part Two",Jan,2018,Paperback
176,William Shakespeare,Macbeth,Jan,2014,Paperback
179,Nicola Yoon,"Everything, Everything",Jun,2016,Paperback
180,Kate Quinn,The Alice Network,Jun,2017,Paperback
182,Gordon Ramsay,Gordon Ramsay Ultimate Fit Food,Jan,2018,Hardback
183,R. J. Palacio,Wonder,Aug,2014,Paperback
184,Valter Longo,The Longevity Diet,Jan,2018,Hardback
185,Art Spiegelman,The Complete MAUS,Oct,2003,Paperback
186,Kobi Yamada,What Do You Do with an Idea?,Feb,2014,Hardback
187,Catherine Gray,The Unexpected Joy of Being Sober,Dec,2017,Paperback
188,Daniel J. Siegel,The Yes Brain Child,Jan,2018,Paperback
189,Mary Beard,Women &amp; Power,Nov,2017,Hardback
191,J. K. Rowling,Harry Potter and the Philosopher&#039;s Stone,Oct,2014,Paperback
192,Patrice Karst,The Invisible String,May,2001,Hardback
193,Clarissa Pinkola Estes,Women Who Run with Wolves,Jan,1997,Paperback
194,Simon Sebag Montefiore,One Night in Winter,Mar,2014,Paperback
195,Kobi Yamada,What Do You Do with a Problem?,Jun,2016,Hardback
196,Isabel Sanchez Vegara,Coco Chanel,Feb,2016,Hardback
197,Joseph Campbell,The Hero with a Thousand Faces,Jun,2015,Hardback
198,Stephen Fry,Mythos,Oct,2017,Hardback
199,Chris Voss,Never Split the Difference,Mar,2017,Paperback
200,Shoukei Matsumoto,A Monk&#039;s Guide to a Clean House and Mind,Jan,2018,Paperback
201,E.L. James,Darker,Nov,2017,Paperback
202,Matt Haig,How to Stop Time,Jan,2018,Paperback
203,Niccolo Machiavelli,The Prince,Sep,1992,Paperback
204,Mem Fox,Whoever You Are,Dec,2007,Paperback
206,Lonely Planet,Lonely Planet Japan,Aug,2017,Paperback
207,Timothy Ferris,Tribe of Mentors,Nov,2017,Paperback
208,V. E. Schwab,A Darker Shade of Magic,Feb,2015,Paperback
209,Julia Donaldson,Stick Man,Nov,2016,Paperback
211,Andy Griffiths,The 39-Storey Treehouse,Jul,2015,Paperback
212,J. K. Rowling,Harry Potter and the Chamber of Secrets,Oct,2016,Hardback
213,Robert Munsch,Love You Forever,Sep,1995,Paperback
214,John Green,Turtles All the Way Down,Oct,2017,Hardback
215,Vladimir Nabokov,Lolita,Jul,2011,Paperback
216,Julia Donaldson,The Gruffalo,Mar,2006,Paperback
217,Dale Carnegie,How to Win Friends and Influence People,Jun,2011,Paperback
218,Steven Pressfield,The War of Art,Nov,2012,Paperback
219,Gabrielle Bernstein,Judgement Detox,Jan,2018,Paperback
221,Andy Griffiths,The 78-Storey Treehouse,Jan,2017,Paperback
222,James Kerr,Legacy,Dec,2013,Paperback
223,Andy Griffiths,The 65-Storey Treehouse,Jun,2016,Paperback
224,Peter Frankopan,The Silk Roads,Jun,2016,Paperback
225,Carole Matthews,Paper Hearts and Summer Kisses,Apr,2017,Paperback
227,Kazuo Ishiguro,Never Let Me Go,Sep,2016,Paperback
228,Robert Macfarlane,The Lost Words,Oct,2017,Hardback
229,Julia Donaldson,What the Ladybird Heard,Mar,2010,Paperback
230,Norman Doidge,The Brain&#039;s Way of Healing,Jan,2016,Paperback
231,Raymond Carver,What We Talk About When We Talk About Love,Feb,2010,Paperback
232,E White,Charlotte&#039;s Web,Apr,2012,Paperback
233,Joanna Cole,I&#039;m a Big Sister,Apr,2010,Hardback
234,Judith Kerr,The Tiger Who Came to Tea,Feb,2006,Paperback
235,Russ Harris,The Happiness Trap,Jun,2008,Paperback
236,Andrea Beaty,"Rosie Revere, Engineer",Sep,2013,Hardback
237,J. K. Rowling,Harry Potter Box Set: The Complete Collection Children&#039;s Paperback,Oct,2014,Paperback
238,Joann Deak,"Your Fantastic Elastic Brain Stretch It, Shape It",Dec,2010,Hardback
239,Sheryl Sandberg,Lean In,Aug,2015,Paperback
240,J. D. Salinger,The Catcher in the Rye,Mar,2005,Paperback
242,Celeste Ng,Everything I Never Told You,Dec,2015,Paperback
243,Daniel J. Siegel,No-Drama Discipline,Jan,2015,Paperback
244,B. A. Paris,Behind Closed Doors,Feb,2016,Paperback
245,Mel Robbins,The 5 Second Rule,Feb,2017,Hardback
246,Leslie Kaminoff,Yoga Anatomy,Dec,2011,Paperback
247,Blake Masters,Zero to One,Jun,2015,Paperback
248,J. K. Rowling,Harry Potter and the Cursed Child - Parts One and Two,Jul,2017,Paperback
249,Erin Morgenstern,The Night Circus,May,2012,Paperback
250,C. S. Lewis,Mere Christianity,Apr,2012,Paperback
251,Fyodor Dostoyevsky,Crime and Punishment,May,2000,Paperback
252,Yotam Ottolenghi,Sweet,Sep,2017,Hardback
254,Stephen King,On Writing,Oct,2012,Paperback
255,Andrea Beaty,"Ada Twist, Scientist",Sep,2016,Hardback
257,Michael Rosen,We&#039;re Going on a Bear Hunt,Sep,1995,Paperback
258,Admiral William H. McRaven,Make Your Bed,Jul,2017,Hardback
259,Alwyn Hamilton,Hero at the Fall,Feb,2018,Paperback
260,Cal Newport,Deep Work,Jan,2016,Paperback
261,Virginia Ironside,The Huge Bag of Worries,Jan,2011,Paperback
262,Madeleine L&#039;Engle,Wrinkle in Time,May,2008,Paperback
263,Haemin Sunim,The Things You Can See Only When You Slow Down,Feb,2017,Hardback
264,Mihaly Csikszentmihalyi,Flow,Jul,2011,Paperback
265,Mo Willems,Don&#039;t Let the Pigeon Drive the Bus!,Jul,2011,Paperback
266,Eric Ries,The Lean Startup,Oct,2011,Paperback
268,Michael Lewis,The Undoing Project,Oct,2017,Paperback
269,Jared Diamond,"Guns, Germs And Steel",Apr,2000,Paperback
270,Valorie Schaefer,The Care and Keeping of You,Apr,2013,Paperback
271,Rainbow Rowell,Almost Midnight: Two Short Stories by Rainbow Rowell,Nov,2017,Hardback
272,Oprah Winfrey,The Wisdom of Sundays,Oct,2017,Hardback
273,Hannah Kent,Burial Rites,Feb,2014,Paperback
274,Douglas Adams,Dirk Gently&#039;s Holistic Detective Agency,Dec,2012,Paperback
275,Jane Fallon,Faking Friends,Jan,2018,Paperback
276,Allen Carr,Allen Carr&#039;s Easy Way to Stop Smoking,Sep,2015,Paperback
278,Anne Frank,The Diary of a Young Girl,Feb,2002,Paperback
279,Jennifer Niven,All the Bright Places,Aug,2015,Paperback
280,Diana Wynne Jones,Howl&#039;s Moving Castle,Sep,2011,Paperback
281,Dr. Seuss,"Oh, The Places You&#039;ll Go",Mar,2011,Paperback
282,Joan Didion,The Year of Magical Thinking,Aug,2011,Paperback
283,Oliver Jeffers,Stuck,May,2012,Paperback
284,Leigh Bardugo,Six of Crows,Jun,2016,Paperback
285,Atticus Poetry,Love Her Wild,Jul,2017,Hardback
286,Kristin Hannah,The Nightingale,Jul,2015,Paperback
287,J. K. Rowling,Harry Potter and the Chamber of Secrets,Oct,2014,Paperback
288,Edgar Allan Poe,The Complete Poetry Of Edgar Allan Poe,Nov,2009,Paperback
289,M. a. S. Abdel Haleem,The Qur&#039;an,Sep,2008,Paperback
290,Mem Fox,Possum Magic,Sep,1991,Paperback
291,Keri Smith,Wreck This Journal,Nov,2014,Paperback
292,Angela Carter,The Bloody Chamber And Other Stories,Oct,2009,Paperback
293,David Walliams,Bad Dad,Nov,2017,Hardback
295,Linda Green,While My Eyes Were Closed,May,2016,Paperback
296,Julia Cameron,The Artist&#039;s Way,Nov,2016,Paperback
297,Andy Tudor,100 Paper Planes to Fold and Fly,Mar,2014,Paperback
298,Johann Hari,Lost Connections,Jan,2018,Hardback
300,Andrea Beaty,"Iggy Peck, Architect",Oct,2007,Hardback
301,Wizards of the Coast,Dungeon Master&#039;s Guide (Dungeons &amp; Dragons Core Rulebooks),Jul,2016,Hardback
302,Carrie Hope Fletcher,On the Other Side,Feb,2017,Paperback
303,C. J. Tudor,The Chalk Man,Jan,2018,Hardback
304,Lee Child,The Midnight Line,Nov,2017,Paperback
305,Jordan B. Peterson,Maps of Meaning,Apr,1999,Paperback
306,Katharine Graham,Personal History: Katharine Graham,Mar,1998,Paperback
307,Edith Eger,The Choice,Sep,2017,Paperback
308,John Douglas,Mindhunter,Nov,2017,Paperback
309,Timothy Ferriss,Tools of Titans,Dec,2016,Paperback
311,Pierce Brown,Iron Gold,Jan,2018,Hardback
312,Dawn Huebner,What to Do When Your Temper Flares,Nov,2007,Paperback
313,Anthony F. T. Brown,Marshall &amp; Ruedy&#039;s On Call: Principles &amp; Protocols,Nov,2017,Paperback
314,Laura Markham,"Peaceful Parent, Happy Kids",Jan,2013,Paperback
315,Philip Pullman,The Book of Dust Volume One,Oct,2017,Hardback
316,Daphne du Maurier,Frenchman&#039;s Creek,Jul,2015,Paperback
317,S. E. Hinton,The Outsiders,Dec,1998,Paperback
318,Robert B. Cialdini,influence,Jul,2011,Paperback
319,Anthony Doerr,All the Light We Cannot See,May,2015,Paperback
320,Lois Lowry,The Giver,Dec,2016,Paperback
321,Ray Bradbury,Fahrenheit 451,Sep,2008,Paperback
322,Rhonda Byrne,The Magic,Jun,2012,Paperback
323,Cixin Liu,The Three-Body Problem,Feb,2016,Paperback
325,Clemency Burton-Hill,YEAR OF WONDER: Classical Music for Every Day,Oct,2017,Hardback
326,Pierce Brown,Red Rising,Sep,2014,Paperback
327,Sarah J. Maas,Queen of Shadows,Sep,2015,Paperback
328,John Thompson,John Thompson&#039;s Easiest Piano Course,Nov,2005,Paperback
329,Neil Gaiman,American Gods,Feb,2010,Paperback
330,Patrick Rothfuss,The Wise Man&#039;s Fear,Jun,2012,Paperback
331,R. J. Palacio,365 Days of Wonder,Sep,2014,Paperback
332,Daniele Bott,Chanel,Jul,2007,Hardback
333,Louis Sachar,There&#039;s a Boy in the Girls&#039; Bathroom,Sep,2011,Paperback
335,Arthur Miller,The Crucible,Feb,2000,Paperback
336,Sasha Alsberg,Zenith,Jan,2018,Paperback
337,Steve Biddulph,Raising Boys,Oct,2017,Paperback
338,Randall Munroe,What If?,Oct,2015,Paperback
339,Lonely Planet,Lonely Planet Best of Japan,Nov,2017,Paperback
340,Rick Stein,Rick Stein: The Road to Mexico,Nov,2017,Hardback
341,Clare Bailey,The 8-Week Blood Sugar Diet Recipe Book,Sep,2016,Paperback
342,Johanna Basford,Secret Garden,Jun,2015,Paperback
343,Julia Donaldson,Monkey Puzzle,Sep,2016,Paperback
344,Sarah J. Maas,Empire of Storms,Sep,2016,Paperback
345,Adam Hargreaves,Mr Men Chinese New Year,Jan,2018,Paperback
346,Jocko Willink,Discipline Equals Freedom,Oct,2017,Hardback
347,Robert Sabuda,Alice&#039;s Adventures in Wonderland: Pop-Up Book,Nov,2003,Hardback
349,Richard Carlson,Don&#039;t Sweat the Small Stuff,May,1998,Paperback
350,Ali Smith,Autumn,Sep,2017,Paperback
351,A. J. Finn,The Woman in the Window,Jan,2018,Hardback
352,Isabel Sanchez Vegara,Amelia Earhart,Sep,2016,Hardback
353,Gordon Kerr,A Short History Of China,Sep,2013,Paperback
354,Mary Aiken,The Cyber Effect,Mar,2017,Paperback
355,Jen Sincero,You Are a Badass at Making Money,Apr,2017,Paperback
356,Walter Isaacson,Leonardo Da Vinci,Oct,2017,Hardback
357,Naomi Novik,Uprooted,May,2016,Paperback
358,Emily Bone,Look Inside Our World,Nov,2014,Hardback
359,Sarah J. Maas,A Court of Wings and Ruin,May,2017,Paperback
360,Celeste Ng,Little Fires Everywhere,Nov,2017,Hardback
361,Fumiko Chiba,Kakeibo,Nov,2017,Paperback
362,Greg Sestero,The Disaster Artist,Apr,2016,Paperback
364,Melissa Ambrosini,Mastering Your Mean Girl,Mar,2016,Paperback
365,Dr. Chris van Tulleken,Operation Ouch: Your Brilliant Body,Jun,2014,Paperback
366,Frank Herbert,Dune,Jul,2015,Paperback
367,George Orwell,Animal Farm,Sep,2007,Paperback
368,Gretchen Rubin,The Happiness Project,Oct,2011,Paperback
369,Otegha Uwagba,Little Black Book,May,2018,Paperback
370,Imogen Hermes Gowar,The Mermaid and Mrs Hancock,Jan,2018,Hardback
371,Andy Mulligan,Trash,Aug,2014,Paperback
372,Elizabeth Taylor,Mrs Palfrey At The Claremont,Apr,2006,Paperback
373,Barack Obama,Dreams From My Father,Dec,2016,Paperback
374,Enid Blyton,The Secret Seven Collection 1,Sep,2012,Paperback
375,Kes Gray,Oi Frog!,Feb,2015,Paperback
376,J. K. Rowling,Harry Potter and the Philosopher&#039;s Stone - Gryffindor Edition,Jun,2017,Hardback
377,Sarah J. Maas,Tower of Dawn,Sep,2017,Paperback
378,Cassandra Clare,The Bane Chronicles,Nov,2014,Hardback
379,Neil Gaiman,Neverwhere,Jan,2011,Paperback
380,Simon Sinek,Leaders Eat Last,Jul,2017,Paperback
381,Patrick Rothfuss,The Name of the Wind,Jun,2008,Paperback
382,David Levithan,Every Day,Sep,2013,Paperback
383,Mohsin Hamid,Exit West,Feb,2018,Paperback
384,Julia Donaldson,The Gruffalo&#039;s Child,Mar,2007,Paperback
385,J. D. Vance,Hillbilly Elegy,Jul,2017,Paperback
386,Liv Constantine,The Last Mrs Parrish,Dec,2017,Paperback
389,Julia Cook,My Mouth is a Volcano!,Oct,2008,Paperback
391,Philip K. Dick,Do Androids Dream Of Electric Sheep?,Feb,2012,Paperback
392,Malala Yousafzai,I Am Malala,Oct,2014,Paperback
393,Lonely Planet Kids,Amazing World Atlas,Oct,2014,Hardback
394,Ray Long,Key Muscles of Yoga: Your Guide to Functional Anatomy in Yoga,Nov,2009,Paperback
395,Hal Elrod,The Miracle Morning,Dec,2017,Paperback
396,Kent Hoffman,Raising a Secure Child,Feb,2017,Paperback
398,Alan Gratz,Refugee,Oct,2017,Paperback
399,Diane Brown,Lewis&#039;s Medical-Surgical Nursing,Nov,2016,Hardback
400,Nicola Yoon,The Sun is also a Star,Nov,2016,Paperback
401,Timothy Keller,The Reason for God,Sep,2009,Paperback
402,Kugane Maruyama,"Overlord, Vol. 6 (light novel)",Jan,2018,Paperback
403,George Orwell,Nineteen Eighty-Four,Mar,2013,Paperback
404,Marcus Aurelius,Meditations,Nov,2015,Paperback
405,Maurice Sendak,Where The Wild Things Are,May,2001,Paperback
406,Peter Wohlleben,The Hidden Life of Trees,Aug,2017,Paperback
407,David Walliams,Mr Stink,Jun,2010,Paperback
408,Oliver Jeffers,Lost and Found,May,2006,Paperback
409,Hetty van de Rijt,The Wonder Weeks,Sep,2017,Paperback
412,Gary Keller,The One Thing,Apr,2014,Paperback
414,Mary Berry,Mary Berry Everyday,Apr,2018,Hardback
415,Dr Cara Natterson,The Care and Keeping of You 2,Feb,2013,Paperback
416,Tony Robbins,Unshakeable,Feb,2017,Paperback
417,R. H. Sin,Whiskey Words &amp; a Shovel I,Jun,2017,Paperback
418,Ken Follett,A Column of Fire,Sep,2017,Hardback
419,Sarah J. Maas,Crown of Midnight,Jul,2015,Paperback
420,Suzanne Collins,The Hunger Games,Feb,2012,Paperback
421,Jocko Willink,Extreme Ownership,Nov,2017,Hardback
423,Jenny Colgan,The Summer Seaside Kitchen,Feb,2017,Paperback
424,Thug Kitchen,Thug Kitchen,Dec,2014,Hardback
425,Markus Zusak,The Book Thief,Mar,2014,Paperback
426,Munro Leaf,The Story of Ferdinand,Mar,2011,Paperback
427,William Golding,Lord of the Flies,Jul,2011,Paperback
428,Douglas Adams,The Hitchhiker&#039;s Guide to the Galaxy,Nov,1995,Paperback
429,Lee Strobel,The Case for Christ,Nov,2016,Paperback
430,J. R. R. Tolkien,The Lord of the Rings,Apr,2008,Paperback
431,Leila Slimani,The Perfect Nanny,Jan,2018,Paperback
432,Neil Postman,Amusing Ourselves to Death,Jul,2011,Paperback
433,Seneca,On the Shortness of Life,Sep,2004,Paperback
434,Yotam Ottolenghi,Jerusalem,Sep,2012,Hardback
435,Kim Krans,The Wild Unknown Tarot Deck and Guidebook (Official Keepsake Box Set),Nov,2016,Hardback
436,Robert Greene,The 48 Laws Of Power,Nov,2000,Paperback
437,John Boyne,The Heart&#039;s Invisible Furies,Dec,2017,Paperback
438,Ryan Holiday,The Obstacle is the Way,May,2015,Paperback
439,Leigh Bardugo,Six of Crows: Crooked Kingdom,May,2017,Paperback
440,Heather Amery,First Thousand Words in English,Nov,2017,Paperback
441,J. K. Rowling,Harry Potter and the Philosopher&#039;s Stone - Slytherin Edition,Jun,2017,Hardback
442,Rainbow Rowell,Eleanor &amp; Park,Jul,2014,Paperback
443,J. K. Rowling,Fantastic Beasts and Where to Find Them,Nov,2016,Hardback
444,Saroo Brierley,Lion: A Long Way Home,Feb,2017,Paperback
446,Tricia Levenseller,Daughter of the Siren Queen,Feb,2018,Hardback
447,Diana Gabaldon,Outlander Boxed Set,Feb,2017,Paperback
448,Herve Tullet,Press Here,Apr,2011,Hardback
449,Richard Morgan,Altered Carbon,Sep,2008,Paperback
450,Cris Silvestri,Pokemon: Deluxe Essential Handbook,Aug,2015,Paperback
451,Diana Gabaldon,The Fiery Cross,Sep,2005,Paperback
452,Richard H. Thaler,Misbehaving,May,2016,Paperback
454,Reginald Rose,Twelve Angry Men,Jul,2011,Paperback
455,Shiraz Maher,Salafi-Jihadism,Aug,2017,Paperback
457,Julia Donaldson,The Dinosaur&#039;s Diary,Mar,2002,Paperback
458,Spencer Johnson,Who Moved My Cheese,Jun,2006,Paperback
459,Rupy Aujla,The Doctor&#039;s Kitchen: Supercharge your health with 100 delicious everyday recipes,Dec,2017,Paperback
461,F. Scott Fitzgerald,The Great Gatsby,Dec,1999,Paperback
462,Isabel Sanchez Vegara,Frida Kahlo,Feb,2016,Hardback
463,Gordon Kerr,A Short History Of The Middle East,Sep,2016,Paperback
464,Ryan Holiday,The Daily Stoic Journal,Nov,2017,Hardback
465,Lonely Planet,Lonely Planet Vietnam,Aug,2016,Paperback
467,Adam Lawrence,This is Service Design Doing,Jan,2018,Paperback
468,Junji Ito,"Uzumaki (3-in-1, Deluxe Edition)",Nov,2013,Hardback
469,Jane Harper,The Dry,Jan,2018,Paperback
471,Seanan McGuire,Every Heart a Doorway,Apr,2016,Hardback
472,Sue Monk Kidd,The Secret Life of Bees,Mar,2003,Paperback
473,J. K. Rowling,The Tales of Beedle the Bard,Dec,2008,Hardback
476,Diana Gabaldon,A Breath of Snow and Ashes,May,2008,Paperback
477,Wataru Watari,"My Youth Romantic Comedy is Wrong, As I Expected, Vol. 4 (light novel)",Jan,2018,Paperback
478,Madeleine L&#039;Engle,A Wrinkle in Time,May,2007,Paperback
479,Leigh Bardugo,Wonder Woman: Warbringer (DC Icons Series),Oct,2017,Paperback
480,Kurt Vonnegut,Slaughterhouse 5,Mar,1991,Paperback
481,Tizzie Hall,Save Our Sleep,Apr,2010,Paperback
482,Steven D. Levitt,Freakonomics,Feb,2010,Paperback
483,Paulo Coelho,The Alchemist,Oct,2006,Paperback
484,T. Colin Campbell,The China Study: Revised and Expanded Edition,Jan,2017,Paperback
485,Bernie Clark,The Complete Guide to Yin Yoga,May,2015,Paperback
486,Haruki Murakami,Men Without Women,Jul,2017,Hardback
487,Joanna Faber,How To Talk So Little Kids Will Listen,Jan,2017,Paperback
488,Kieron Gillen,The Wicked &amp; The Divine Volume 6,Jan,2018,Paperback
489,Ed Brubaker,Kill or Be Killed Volume 3,Jan,2018,Paperback
490,J. K. Rowling,Fantastic Beasts and Where to Find Them,Nov,2017,Hardback
491,Sarah J. Maas,Heir of Fire,Nov,2014,Paperback
492,Suzanne Collins,Mockingjay,Feb,2012,Paperback
493,Jojo Moyes,After You,Sep,2016,Paperback
494,Karl Marx,Communist Manifesto,Jan,1998,Paperback
495,Neil Gaiman,Stardust,Apr,2011,Paperback
496,Val McDermid,Out of Bounds,Nov,2017,Paperback
497,Jamie Oliver,Everyday Super Food,Aug,2015,Hardback
498,J. R. R. Tolkien,The Hobbit and the Lord of the Rings,Oct,2014,Paperback
499,Claire North,The Sudden Appearance of Hope,Jan,2017,Paperback
500,Jennifer Niven,Holding Up the Universe,Oct,2016,Paperback
501,Margaret Atwood,The Handmaid&#039;s Tale,Oct,2017,Paperback
502,Ernest Hemingway,The Old Man and the Sea,Aug,1994,Paperback
503,Yotam Ottolenghi,Plenty,May,2010,Hardback
504,Juju Sundin,Birth Skills,Jun,2008,Paperback
505,Ina May Gaskin,Ina May&#039;s Guide to Childbirth,Aug,2008,Paperback
506,James Dashner,The Maze Runner Series,Nov,2014,Paperback
507,Ira Levin,The Stepford Wives,Jul,2011,Paperback
508,Claire Freedman,Monstersaurus!,Sep,2011,Hardback
509,Mihaela Noroc,The Atlas of Beauty,Oct,2017,Hardback
510,Peter H. Reynolds,Ish,Sep,2005,Paperback
511,Gaz Oakley,Vegan 100,Jan,2018,Hardback
513,Philippe Sands,East West Street,Mar,2017,Paperback
514,John Grisham,Camino Island,Jan,2018,Paperback
515,Sarah Vaughan,Anatomy of a Scandal,Jan,2018,Hardback
516,Adam Silvera,They Both Die at the End,Sep,2017,Paperback
517,Will Durant,Lessons of History,May,2010,Paperback
519,J. K. Rowling,Harry Potter and the Philosopher&#039;s Stone - Ravenclaw Edition,Jun,2017,Hardback
520,Hugh Fearnley-Whittingstall,River Cottage Much More Veg,Sep,2017,Hardback
521,Sarah J. Maas,The Assassin&#039;s Blade,Jul,2015,Paperback
522,Liane Moriarty,Three Wishes,Feb,2016,Paperback
523,Joe Dispenza,Breaking the Habit of Being Yourself: How to Lose Your Mind and Create Anew One,Feb,2013,Paperback
525,Kim Mohan,Volo&#039;s Guide To Monsters,Jan,2017,Hardback
526,Mitch Albom,Tuesdays With Morrie,Mar,2017,Paperback
528,Daniel J. Siegel,The Yes Brain,Jan,2018,Hardback
529,Marie Kondo,The Life-Changing Manga of Tidying Up,Jun,2017,Paperback
530,R J Palacio,365 Days of Wonder: Mr. Browne&#039;s Precepts,Aug,2016,Paperback
531,Kevin Kwan,Rich People Problems,Jun,2017,Paperback
532,Oliver Sacks,The Man Who Mistook His Wife for a Hat,Sep,2011,Paperback
533,John Steinbeck,Of Mice and Men,Mar,2007,Paperback
534,Eric Carle,The Very Hungry Caterpillar,Nov,2002,Paperback
535,Annabel Karmel,Annabel Karmel&#039;s New Complete Baby &amp; Toddler Meal Planner - 4th Edition,Jan,2008,Hardback
536,Paulo Coelho,The Alchemist,Jul,2015,Hardback
537,David Walliams,Demon Dentist,May,2017,Paperback
538,David Walliams,Billionaire Boy,Sep,2011,Paperback
540,Julius Wiedemann,Jamie Hewlett,Dec,2017,Hardback
541,Patricia Hipwell,How to Write What You Want to Say,Oct,2016,Paperback
542,John Boyne,The Boy in the Striped Pyjamas,Feb,2014,Paperback
543,Lonely Planet,Lonely Planet Japanese Phrasebook &amp; Dictionary,Jul,2017,Paperback
544,dodie,Secrets for the Mad,Nov,2017,Hardback
545,Katherine Arden,The Girl in The Tower,Jan,2018,Hardback
546,Shaun Bythell,The Diary of a Bookseller,Sep,2017,Hardback
547,Serena Valentino,Poor Unfortunate Soul,Aug,2016,Hardback
548,Timothy Keller,The Way of Wisdom,Oct,2017,Hardback
549,Andrzej Sapkowski,Sword of Destiny,Mar,2016,Paperback
550,Samantha King,"Born to Love, Cursed to Feel",Oct,2016,Paperback
551,Takashi Hiraide,The Guest Cat,Mar,2015,Paperback
552,Matthew Reilly,The Four Legendary Kingdoms,Jun,2017,Paperback
553,J. K. Rowling,Harry Potter and the Prisoner of Azkaban,Oct,2014,Paperback
554,J. K. Rowling,Harry Potter and the Deathly Hallows,Oct,2014,Paperback
555,Sarah J. Maas,A Court of Mist and Fury,May,2016,Paperback
556,Reni Eddo-Lodge,Why I&#039;m No Longer Talking to White People About Race,Mar,2018,Paperback
557,Wizards of the Coast,Monster Manual: A Dungeons &amp; Dragons Core Rulebook,Apr,2016,Hardback
559,Mitch Albom,Have A Little Faith,Sep,2010,Paperback
560,Ladybird,Peppa Pig: Practise with Peppa: Wipe-Clean Writing,Oct,2015,Paperback
561,Allan Ahlberg,The Jolly Postman or Other People&#039;s Letters,Jun,2011,Hardback
562,Kazuo Ishiguro,Never Let Me Go,Dec,2010,Paperback
563,Jennifer Liberts,Paw Patrol Phonics Box Set,Jul,2015,Paperback
565,Donna Tartt,The Goldfinch,Oct,2015,Paperback
566,Eckhart Tolle,Stillness Speaks,Sep,2003,Paperback
567,Roald Dahl,Boy,Jul,2011,Paperback
568,John Green,The Fault in Our Stars,Jan,2013,Paperback
603,Alain de Botton,The Art of Travel,Apr,2014,Paperback
604,Meik Wiking,The Little Book of Lykke,Oct,2017,Hardback
605,Virginia Woolf,A Room of One&#039;s Own,Dec,1989,Paperback
606,Scotty Morrison,Maori Made Easy,Jan,2015,Paperback
607,Roald Dahl,The BFG,Aug,2007,Paperback
608,Jeff Kinney,Diary Of A Wimpy Kid (Book 1),Nov,2015,Paperback
609,Peter Ackroyd,Hawksmoor,Apr,2010,Paperback
610,Susan Jeffers,Feel The Fear And Do It Anyway,Apr,2007,Paperback
611,Katherine Applegate,The One and Only Ivan,Oct,2017,Paperback
612,Ta-Nehisi Coates,Between The World And Me,Sep,2016,Paperback
613,James Dashner,The Fever Code,Sep,2017,Paperback
614,James Joyce,Ulysses,Jan,2010,Paperback
615,Amaia Arrazola,Audrey Hepburn,Aug,2017,Hardback
616,Anna Bell,The Bucket List to Mend a Broken Heart,Sep,2016,Paperback
617,Margaret Atwood,The Handmaid&#039;s Tale,May,2017,Paperback
618,Tina Payne Bryson,The Whole-Brain Child,Aug,2012,Paperback
619,Brian K. Vaughan,Saga Volume 1,Sep,2013,Paperback
620,Michael Newton,Journey of Souls,Sep,2002,Paperback
621,Leigh Bardugo,The Language of Thorns,Sep,2017,Hardback
622,Esther Perel,The State Of Affairs,Oct,2017,Paperback
623,Patrick Rothfuss,The Slow Regard of Silent Things,Nov,2016,Paperback
624,Donna Hay,Basics to Brilliance,Oct,2017,Hardback
625,Rainbow Rowell,Fangirl,Jan,2014,Paperback
626,Stephen King,It,Jul,2011,Paperback
627,American Psychological Association,Publication Manual of the American Psychological Association,Aug,2009,Paperback
629,Nikita Gill,Wild Embers,Nov,2017,Paperback
630,Kate Harrison,The 5:2 Diet Book,Feb,2013,Paperback
631,J. K. Rowling,Harry Potter Box Set: The Complete Collection Children&#039;s Hardback,Oct,2014,Hardback
632,Jenny Han,"Always and Forever, Lara Jean",May,2017,Paperback
633,Maggie Stiefvater,The Raven Boys,Sep,2012,Paperback
702,Matthew Reinhart,Encyclopedia Prehistorica Dinosaurs,Jun,2012,Hardback
703,Katie Daynes,See Inside Your Body,Jan,2006,Hardback
704,Tony Robbins,Awaken The Giant Within,Jan,2001,Paperback
706,Josh Kaufman,The Personal MBA,Sep,2012,Paperback
707,Boris Strugatsky,Roadside Picnic,Oct,2012,Paperback
708,Bill Browder,Red Notice,Feb,2016,Paperback
709,Shari Lapena,The Couple Next Door,Apr,2017,Paperback
710,Raymond Murphy,English Grammar in Use Book with Answers,Apr,2012,Paperback
711,Friedrich Nietzsche,Beyond Good and Evil,Jul,1997,Paperback
712,Erling Kagge,Silence,Oct,2017,Hardback
715,William Shakespeare,Oxford School Shakespeare: Macbeth,Oct,2009,Paperback
716,Lynda Mullaly Hunt,Fish in a Tree,May,2017,Paperback
717,Rick Riordan,The Hidden Oracle (The Trials of Apollo Book 1),May,2017,Paperback
718,Gabriel Garcia Marquez,One Hundred Years of Solitude,Aug,2000,Paperback
719,Jean Rhys,Wide Sargasso Sea,Oct,2015,Paperback
720,David Walliams,Grandpa&#039;s Great Escape,Feb,2017,Paperback
721,Joanna Cannon,Three Things About Elsie,Jan,2018,Hardback
722,Jeff Vandermeer,Annihilation,Sep,2015,Paperback
723,Hyeonseo Lee,The Girl with Seven Names,May,2016,Paperback
724,Helen Hardt,Twisted,Dec,2017,Paperback
725,9781853260230,"Health, Safety and Environment Test for Operatives and Specialists: GT 100/17 2017",Aug,1997,Paperback
727,Adele Faber,How to Talk so Kids Will Listen and Listen so Kids Will Talk,Dec,2012,Paperback
728,Isabel Sanchez Vegara,Marie Curie,Feb,2017,Hardback
729,Roger Fisher,Getting to Yes,Jul,2012,Paperback
730,Tony Attwood,The Complete Guide to Asperger&#039;s Syndrome,May,2008,Paperback
731,David Deida,Way of the Superior Man,Feb,2017,Paperback
732,Tom Rath,How Full Is Your Bucket? For Kids,Apr,2009,Hardback
733,Fiona Staples,Saga Volume 7,Apr,2017,Paperback
734,Adam Silvera,History Is All You Left Me,Feb,2017,Paperback
